Compound,z,EE.adjust.lod
Abscisic Acid,1,0.7737693267827018
Desthiobiotin,1,0.0053922640294276
IAA,1,0.3162472237333559
Phenylalanine,1,0.22981176166447195
Pyridoxamine,1,0.12882035625416793
Vanillic Acid,1,4.773946111458436
Vitamin B3,1,1.5361076286866213
Xanthine,1,0.06506152032793709
