Compound,z,EE.adjust.lod
Abscisic Acid,1,0.6169543349110882
Desthiobiotin,1,0.004171417157853771
Phenylalanine,1,0.20103107686086136
Vitamin B3,1,1.1229409084213573
Xanthine,1,0.05457219038167087
